department,month,actual_productivity,targeted_productivity,wip,over_time,worker_efficiency,idle_time,style_changes,num_workers,incentive,productivity_gap,productivity_ratio,overtime_per_worker,incentive_per_worker,idle_time_per_worker,style_changes_per_worker,idle_time_ratio,low_productivity_flag
finishing,1,0.436326389,0.7,968.1355932203389,1440,0.00876157407630522,0.0,0,12.0,0,0.263673611,0.6233234128571429,120.0,0.0,0.0,0.0,0.0,1
finishing,2,0.7266452524304635,0.7394039735099338,182570.06576369327,257760,0.01947705223277928,0.0,0,1626.0,0,0.012758721079470207,1.0091584070877482,158.1456953642384,0.0,0.0,0.0,0.0,27
finishing,3,0.719961713,0.7190721649484536,118344.10675922045,187140,0.02068624024862582,0.0,0,951.0,15000,-0.0008895480515463908,1.0137288905990427,188.04123711340208,14.845360824742269,0.0,0.0,0.0,14
finishing ,1,0.7835124885341881,0.7431623931623932,281830.1303647049,492660,0.02378864060433219,0.0,0,2340.0,0,-0.040350095371794854,1.080587505321542,197.23149345208168,0.0,0.0,0.0,0.0,22
finishing ,2,0.7676117473043478,0.7434782608695653,28562.272604016816,31080,0.018718898520082884,0.0,0,259.0,0,-0.024133486434782584,1.0258144150880315,120.0,0.0,0.0,0.0,0.0,4
sweing,1,0.735038175732899,0.7262214983713355,328252.0,2543190,0.0007689379977865653,0.0,0,16192.5,15315,-0.008816677361563508,1.011806170541868,158.6082736440854,0.9825761891556739,0.0,0.0,0.0,12
sweing,2,0.708820019063197,0.7231226765799257,386160.0,1338920,0.0006979173480236319,856.0,149,14098.5,10827,0.014302657516728627,0.9976876267214381,95.78923194871835,0.7968723586328827,0.05578006548931668,0.009901263346159931,0.0033735718707545138,27
sweing,3,0.7181017376869566,0.72,108200.0,615060,0.0007097714045918165,18.0,31,5949.0,4596,0.0018982623130434754,0.9971006311016962,103.93594758041426,0.8000376729771589,0.0029805332243185573,0.005474525385646697,0.0030389857448755355,4
